id,label
20800.0,1
20801.0,1
20802.0,0
20803.0,1
20804.0,1
20805.0,1
20806.0,1
20807.0,1
20808.0,0
20809.0,1
20810.0,0
20811.0,0
20812.0,0
20813.0,0
20814.0,0
20815.0,1
20816.0,1
20817.0,0
20818.0,0
20819.0,1
20820.0,1
20821.0,1
20822.0,1
20823.0,0
20824.0,1
20825.0,0
20826.0,0
20827.0,0
20828.0,0
20829.0,0
20830.0,1
20831.0,0
20832.0,0
20833.0,0
20834.0,1
20835.0,1
20836.0,1
20837.0,0
20838.0,1
20839.0,1
20840.0,1
20841.0,1
20842.0,0
20843.0,0
20844.0,0
20845.0,0
20846.0,0
20847.0,1
20848.0,0
20849.0,0
20850.0,1
20851.0,0
20852.0,0
20853.0,0
20854.0,1
20855.0,0
20856.0,0
20857.0,1
20858.0,0
20859.0,0
20860.0,1
20861.0,0
20862.0,0
20863.0,0
20864.0,0
20865.0,0
20866.0,1
20867.0,0
20868.0,0
20869.0,0
20870.0,0
20871.0,0
20872.0,0
20873.0,0
20874.0,0
20875.0,0
20876.0,1
20877.0,0
20878.0,0
20879.0,0
20880.0,1
20881.0,1
20882.0,1
20883.0,0
20884.0,1
20885.0,0
20886.0,0
20887.0,0
20888.0,0
20889.0,0
20890.0,0
20891.0,0
20892.0,0
20893.0,1
20894.0,1
20895.0,0
20896.0,0
20897.0,0
20898.0,1
20899.0,0
20900.0,1
20901.0,0
20902.0,1
20903.0,1
20904.0,1
20905.0,0
20906.0,0
20907.0,0
20908.0,1
20909.0,0
20910.0,1
20911.0,0
20912.0,1
20913.0,0
20914.0,0
20915.0,1
20916.0,1
20917.0,0
20918.0,1
20919.0,1
20920.0,1
20921.0,1
20922.0,1
20923.0,0
20924.0,0
20925.0,0
20926.0,1
20927.0,0
20928.0,0
20929.0,1
20930.0,0
20931.0,1
20932.0,0
20933.0,1
20934.0,1
20935.0,0
20936.0,0
20937.0,1
20938.0,0
20939.0,1
20940.0,1
20941.0,0
20942.0,1
20943.0,0
20944.0,1
20945.0,1
20946.0,1
20947.0,0
20948.0,0
20949.0,0
20950.0,1
20951.0,1
20952.0,0
20953.0,0
20954.0,1
20955.0,1
20956.0,0
20957.0,0
20958.0,0
20959.0,0
20960.0,1
20961.0,0
20962.0,0
20963.0,0
20964.0,0
20965.0,0
20966.0,1
20967.0,0
20968.0,0
20969.0,1
20970.0,1
20971.0,0
20972.0,0
20973.0,0
20974.0,1
20975.0,1
20976.0,0
20977.0,1
20978.0,0
20979.0,1
20980.0,0
20981.0,1
20982.0,1
20983.0,1
20984.0,1
20985.0,0
20986.0,0
20987.0,0
20988.0,0
20989.0,0
20990.0,0
20991.0,1
20992.0,1
20993.0,0
20994.0,0
20995.0,1
20996.0,1
20997.0,0
20998.0,1
20999.0,0
21000.0,0
21001.0,1
21002.0,0
21003.0,0
21004.0,1
21005.0,0
21006.0,1
21007.0,0
21008.0,1
21009.0,1
21010.0,0
21011.0,0
21012.0,1
21013.0,1
21014.0,0
21015.0,1
21016.0,0
21017.0,0
21018.0,1
21019.0,0
21020.0,1
21021.0,0
21022.0,1
21023.0,1
21024.0,1
21025.0,1
21026.0,0
21027.0,1
21028.0,0
21029.0,0
21030.0,1
21031.0,0
21032.0,0
21033.0,0
21034.0,1
21035.0,0
21036.0,0
21037.0,0
21038.0,1
21039.0,0
21040.0,1
21041.0,1
21042.0,1
21043.0,1
21044.0,0
21045.0,0
21046.0,1
21047.0,0
21048.0,0
21049.0,1
21050.0,0
21051.0,0
21052.0,1
21053.0,0
21054.0,0
21055.0,0
21056.0,1
21057.0,1
21058.0,1
21059.0,0
21060.0,1
21061.0,1
21062.0,0
21063.0,1
21064.0,0
21065.0,0
21066.0,1
21067.0,0
21068.0,0
21069.0,0
21070.0,0
21071.0,0
21072.0,0
21073.0,1
21074.0,0
21075.0,0
21076.0,0
21077.0,0
21078.0,1
21079.0,0
21080.0,0
21081.0,0
21082.0,0
21083.0,0
21084.0,0
21085.0,1
21086.0,0
21087.0,1
21088.0,0
21089.0,0
21090.0,0
21091.0,0
21092.0,0
21093.0,0
21094.0,0
21095.0,1
21096.0,1
21097.0,1
21098.0,0
21099.0,1
21100.0,0
21101.0,0
21102.0,1
21103.0,1
21104.0,0
21105.0,0
21106.0,1
21107.0,0
21108.0,1
21109.0,0
21110.0,1
21111.0,1
21112.0,0
21113.0,1
21114.0,1
21115.0,1
21116.0,0
21117.0,1
21118.0,0
21119.0,1
21120.0,0
21121.0,1
21122.0,1
21123.0,0
21124.0,0
21125.0,1
21126.0,0
21127.0,0
21128.0,0
21129.0,0
21130.0,0
21131.0,0
21132.0,0
21133.0,0
21134.0,1
21135.0,1
21136.0,0
21137.0,1
21138.0,0
21139.0,0
21140.0,1
21141.0,1
21142.0,1
21143.0,0
21144.0,0
21145.0,1
21146.0,0
21147.0,0
21148.0,1
21149.0,0
21150.0,0
21151.0,1
21152.0,1
21153.0,0
21154.0,1
21155.0,1
21156.0,0
21157.0,1
21158.0,0
21159.0,0
21160.0,0
21161.0,1
21162.0,0
21163.0,0
21164.0,0
21165.0,1
21166.0,1
21167.0,0
21168.0,1
21169.0,1
21170.0,1
21171.0,0
21172.0,0
21173.0,1
21174.0,1
21175.0,1
21176.0,1
21177.0,0
21178.0,1
21179.0,1
21180.0,0
21181.0,0
21182.0,0
21183.0,0
21184.0,0
21185.0,1
21186.0,0
21187.0,1
21188.0,1
21189.0,0
21190.0,0
21191.0,1
21192.0,1
21193.0,0
21194.0,0
21195.0,0
21196.0,0
21197.0,0
21198.0,1
21199.0,1
21200.0,0
21201.0,0
21202.0,1
21203.0,0
21204.0,0
21205.0,0
21206.0,0
21207.0,1
21208.0,0
21209.0,1
21210.0,0
21211.0,1
21212.0,0
21213.0,1
21214.0,0
21215.0,0
21216.0,0
21217.0,0
21218.0,1
21219.0,0
21220.0,0
21221.0,1
21222.0,0
21223.0,1
21224.0,0
21225.0,1
21226.0,0
21227.0,0
21228.0,0
21229.0,0
21230.0,1
21231.0,0
21232.0,0
21233.0,1
21234.0,0
21235.0,1
21236.0,1
21237.0,1
21238.0,0
21239.0,0
21240.0,1
21241.0,0
21242.0,0
21243.0,0
21244.0,0
21245.0,0
21246.0,0
21247.0,0
21248.0,0
21249.0,1
21250.0,0
21251.0,1
21252.0,0
21253.0,1
21254.0,1
21255.0,0
21256.0,1
21257.0,1
21258.0,0
21259.0,1
21260.0,1
21261.0,0
21262.0,0
21263.0,1
21264.0,0
21265.0,0
21266.0,1
21267.0,0
21268.0,1
21269.0,0
21270.0,0
21271.0,1
21272.0,1
21273.0,0
21274.0,1
21275.0,1
21276.0,0
21277.0,0
21278.0,1
21279.0,0
21280.0,1
21281.0,0
21282.0,0
21283.0,1
21284.0,1
21285.0,0
21286.0,1
21287.0,0
21288.0,1
21289.0,1
21290.0,0
21291.0,0
21292.0,0
21293.0,1
21294.0,0
21295.0,0
21296.0,1
21297.0,1
21298.0,1
21299.0,1
21300.0,0
21301.0,1
21302.0,1
21303.0,1
21304.0,0
21305.0,0
21306.0,0
21307.0,0
21308.0,0
21309.0,0
21310.0,0
21311.0,0
21312.0,0
21313.0,0
21314.0,0
21315.0,1
21316.0,0
21317.0,0
21318.0,1
21319.0,0
21320.0,0
21321.0,1
21322.0,1
21323.0,1
21324.0,0
21325.0,0
21326.0,1
21327.0,1
21328.0,1
21329.0,0
21330.0,0
21331.0,1
21332.0,0
21333.0,1
21334.0,1
21335.0,0
21336.0,1
21337.0,0
21338.0,1
21339.0,1
21340.0,1
21341.0,0
21342.0,0
21343.0,0
21344.0,0
21345.0,0
21346.0,0
21347.0,1
21348.0,1
21349.0,1
21350.0,0
21351.0,0
21352.0,1
21353.0,1
21354.0,0
21355.0,1
21356.0,0
21357.0,0
21358.0,1
21359.0,0
21360.0,0
21361.0,1
21362.0,0
21363.0,0
21364.0,1
21365.0,0
21366.0,0
21367.0,0
21368.0,0
21369.0,1
21370.0,0
21371.0,0
21372.0,1
21373.0,0
21374.0,0
21375.0,1
21376.0,0
21377.0,0
21378.0,0
21379.0,0
21380.0,0
21381.0,0
21382.0,0
21383.0,1
21384.0,1
21385.0,1
21386.0,0
21387.0,0
21388.0,0
21389.0,1
21390.0,1
21391.0,0
21392.0,0
21393.0,1
21394.0,0
21395.0,0
21396.0,1
21397.0,1
21398.0,1
21399.0,1
21400.0,1
21401.0,1
21402.0,1
21403.0,0
21404.0,0
21405.0,0
21406.0,1
21407.0,0
21408.0,0
21409.0,0
21410.0,0
21411.0,0
21412.0,1
21413.0,1
21414.0,0
21415.0,1
21416.0,0
21417.0,0
21418.0,1
21419.0,1
21420.0,0
21421.0,0
21422.0,1
21423.0,0
21424.0,0
21425.0,0
21426.0,1
21427.0,0
21428.0,1
21429.0,0
21430.0,0
21431.0,0
21432.0,0
21433.0,0
21434.0,0
21435.0,0
21436.0,1
21437.0,1
21438.0,1
21439.0,0
21440.0,1
21441.0,0
21442.0,0
21443.0,0
21444.0,0
21445.0,1
21446.0,0
21447.0,1
21448.0,0
21449.0,1
21450.0,0
21451.0,1
21452.0,0
21453.0,0
21454.0,0
21455.0,0
21456.0,0
21457.0,0
21458.0,0
21459.0,1
21460.0,1
21461.0,0
21462.0,0
21463.0,0
21464.0,0
21465.0,0
21466.0,0
21467.0,0
21468.0,0
21469.0,1
21470.0,0
21471.0,0
21472.0,1
21473.0,0
21474.0,1
21475.0,0
21476.0,1
21477.0,0
21478.0,0
21479.0,1
21480.0,0
21481.0,1
21482.0,0
21483.0,1
21484.0,1
21485.0,0
21486.0,0
21487.0,0
21488.0,0
21489.0,1
21490.0,1
21491.0,1
21492.0,0
21493.0,1
21494.0,1
21495.0,1
21496.0,0
21497.0,0
21498.0,0
21499.0,0
21500.0,0
21501.0,0
21502.0,0
21503.0,0
21504.0,0
21505.0,0
21506.0,0
21507.0,1
21508.0,1
21509.0,0
21510.0,1
21511.0,0
21512.0,1
21513.0,1
21514.0,0
21515.0,1
21516.0,0
21517.0,0
21518.0,0
21519.0,1
21520.0,1
21521.0,1
21522.0,0
21523.0,1
21524.0,0
21525.0,0
21526.0,1
21527.0,1
21528.0,0
21529.0,1
21530.0,0
21531.0,0
21532.0,1
21533.0,1
21534.0,1
21535.0,0
21536.0,0
21537.0,1
21538.0,1
21539.0,1
21540.0,0
21541.0,0
21542.0,0
21543.0,0
21544.0,1
21545.0,1
21546.0,1
21547.0,0
21548.0,0
21549.0,0
21550.0,0
21551.0,0
21552.0,1
21553.0,0
21554.0,0
21555.0,0
21556.0,1
21557.0,0
21558.0,1
21559.0,0
21560.0,0
21561.0,1
21562.0,1
21563.0,1
21564.0,0
21565.0,0
21566.0,0
21567.0,0
21568.0,0
21569.0,0
21570.0,0
21571.0,0
21572.0,1
21573.0,0
21574.0,0
21575.0,1
21576.0,1
21577.0,1
21578.0,0
21579.0,0
21580.0,1
21581.0,0
21582.0,0
21583.0,1
21584.0,0
21585.0,0
21586.0,0
21587.0,1
21588.0,0
21589.0,0
21590.0,1
21591.0,1
21592.0,0
21593.0,0
21594.0,0
21595.0,0
21596.0,0
21597.0,1
21598.0,0
21599.0,1
21600.0,1
21601.0,0
21602.0,1
21603.0,1
21604.0,0
21605.0,0
21606.0,1
21607.0,1
21608.0,0
21609.0,0
21610.0,0
21611.0,0
21612.0,0
21613.0,0
21614.0,0
21615.0,1
21616.0,1
21617.0,0
21618.0,0
21619.0,0
21620.0,1
21621.0,1
21622.0,1
21623.0,0
21624.0,0
21625.0,0
21626.0,1
21627.0,1
21628.0,0
21629.0,1
21630.0,1
21631.0,0
21632.0,1
21633.0,1
21634.0,0
21635.0,1
21636.0,1
21637.0,1
21638.0,0
21639.0,0
21640.0,0
21641.0,1
21642.0,0
21643.0,1
21644.0,0
21645.0,0
21646.0,1
21647.0,0
21648.0,0
21649.0,0
21650.0,0
21651.0,0
21652.0,0
21653.0,1
21654.0,0
21655.0,1
21656.0,0
21657.0,0
21658.0,0
21659.0,1
21660.0,1
21661.0,1
21662.0,0
21663.0,0
21664.0,0
21665.0,1
21666.0,1
21667.0,1
21668.0,1
21669.0,1
21670.0,0
21671.0,1
21672.0,0
21673.0,0
21674.0,0
21675.0,0
21676.0,0
21677.0,1
21678.0,0
21679.0,0
21680.0,1
21681.0,1
21682.0,1
21683.0,0
21684.0,0
21685.0,1
21686.0,1
21687.0,1
21688.0,0
21689.0,0
21690.0,0
21691.0,1
21692.0,0
21693.0,1
21694.0,0
21695.0,1
21696.0,0
21697.0,1
21698.0,1
21699.0,1
21700.0,1
21701.0,1
21702.0,0
21703.0,1
21704.0,1
21705.0,1
21706.0,1
21707.0,0
21708.0,0
21709.0,1
21710.0,1
21711.0,0
21712.0,1
21713.0,1
21714.0,1
21715.0,0
21716.0,0
21717.0,0
21718.0,1
21719.0,1
21720.0,0
21721.0,0
21722.0,0
21723.0,0
21724.0,1
21725.0,0
21726.0,1
21727.0,1
21728.0,0
21729.0,0
21730.0,1
21731.0,1
21732.0,0
21733.0,0
21734.0,0
21735.0,0
21736.0,0
21737.0,0
21738.0,0
21739.0,1
21740.0,1
21741.0,0
21742.0,0
21743.0,1
21744.0,0
21745.0,1
21746.0,0
21747.0,1
21748.0,0
21749.0,0
21750.0,1
21751.0,0
21752.0,0
21753.0,0
21754.0,1
21755.0,0
21756.0,0
21757.0,0
21758.0,1
21759.0,0
21760.0,0
21761.0,1
21762.0,0
21763.0,0
21764.0,0
21765.0,0
21766.0,0
21767.0,1
21768.0,1
21769.0,1
21770.0,0
21771.0,0
21772.0,0
21773.0,1
21774.0,0
21775.0,0
21776.0,0
21777.0,1
21778.0,0
21779.0,1
21780.0,1
21781.0,1
21782.0,0
21783.0,0
21784.0,0
21785.0,0
21786.0,1
21787.0,0
21788.0,0
21789.0,0
21790.0,1
21791.0,1
21792.0,1
21793.0,1
21794.0,1
21795.0,0
21796.0,0
21797.0,1
21798.0,1
21799.0,1
21800.0,0
21801.0,1
21802.0,1
21803.0,0
21804.0,0
21805.0,1
21806.0,0
21807.0,1
21808.0,1
21809.0,1
21810.0,1
21811.0,0
21812.0,0
21813.0,0
21814.0,1
21815.0,1
21816.0,0
21817.0,1
21818.0,0
21819.0,1
21820.0,0
21821.0,0
21822.0,1
21823.0,0
21824.0,0
21825.0,1
21826.0,0
21827.0,0
21828.0,0
21829.0,1
21830.0,1
21831.0,0
21832.0,1
21833.0,1
21834.0,0
21835.0,0
21836.0,0
21837.0,0
21838.0,0
21839.0,1
21840.0,0
21841.0,0
21842.0,0
21843.0,0
21844.0,0
21845.0,1
21846.0,0
21847.0,0
21848.0,0
21849.0,1
21850.0,1
21851.0,1
21852.0,0
21853.0,0
21854.0,1
21855.0,0
21856.0,1
21857.0,0
21858.0,1
21859.0,1
21860.0,0
21861.0,0
21862.0,0
21863.0,1
21864.0,1
21865.0,0
21866.0,0
21867.0,1
21868.0,0
21869.0,1
21870.0,1
21871.0,1
21872.0,1
21873.0,1
21874.0,0
21875.0,0
21876.0,0
21877.0,0
21878.0,0
21879.0,1
21880.0,1
21881.0,0
21882.0,0
21883.0,0
21884.0,0
21885.0,1
21886.0,0
21887.0,0
21888.0,1
21889.0,0
21890.0,1
21891.0,1
21892.0,1
21893.0,1
21894.0,0
21895.0,1
21896.0,0
21897.0,1
21898.0,0
21899.0,0
21900.0,0
21901.0,1
21902.0,0
21903.0,0
21904.0,0
21905.0,0
21906.0,1
21907.0,0
21908.0,0
21909.0,0
21910.0,0
21911.0,0
21912.0,1
21913.0,0
21914.0,0
21915.0,0
21916.0,0
21917.0,0
21918.0,0
21919.0,1
21920.0,1
21921.0,0
21922.0,1
21923.0,0
21924.0,0
21925.0,0
21926.0,1
21927.0,0
21928.0,1
21929.0,0
21930.0,1
21931.0,1
21932.0,0
21933.0,1
21934.0,1
21935.0,1
21936.0,0
21937.0,1
21938.0,0
21939.0,1
21940.0,0
21941.0,0
21942.0,0
21943.0,1
21944.0,0
21945.0,0
21946.0,0
21947.0,0
21948.0,0
21949.0,0
21950.0,0
21951.0,1
21952.0,0
21953.0,0
21954.0,1
21955.0,1
21956.0,1
21957.0,0
21958.0,0
21959.0,1
21960.0,1
21961.0,0
21962.0,1
21963.0,1
21964.0,0
21965.0,0
21966.0,1
21967.0,0
21968.0,1
21969.0,1
21970.0,1
21971.0,0
21972.0,1
21973.0,1
21974.0,0
21975.0,0
21976.0,0
21977.0,0
21978.0,0
21979.0,1
21980.0,0
21981.0,0
21982.0,0
21983.0,0
21984.0,0
21985.0,1
21986.0,1
21987.0,0
21988.0,1
21989.0,1
21990.0,1
21991.0,0
21992.0,0
21993.0,1
21994.0,0
21995.0,1
21996.0,0
21997.0,0
21998.0,1
21999.0,1
22000.0,1
22001.0,0
22002.0,1
22003.0,0
22004.0,0
22005.0,1
22006.0,1
22007.0,0
22008.0,0
22009.0,1
22010.0,0
22011.0,0
22012.0,1
22013.0,0
22014.0,0
22015.0,1
22016.0,1
22017.0,0
22018.0,1
22019.0,0
22020.0,0
22021.0,1
22022.0,0
22023.0,1
22024.0,1
22025.0,0
22026.0,0
22027.0,1
22028.0,1
22029.0,0
22030.0,0
22031.0,0
22032.0,0
22033.0,0
22034.0,0
22035.0,0
22036.0,1
22037.0,0
22038.0,0
22039.0,0
22040.0,1
22041.0,0
22042.0,1
22043.0,0
22044.0,1
22045.0,0
22046.0,0
22047.0,0
22048.0,0
22049.0,0
22050.0,1
22051.0,0
22052.0,1
22053.0,0
22054.0,0
22055.0,1
22056.0,0
22057.0,0
22058.0,0
22059.0,0
22060.0,1
22061.0,0
22062.0,0
22063.0,0
22064.0,0
22065.0,1
22066.0,1
22067.0,1
22068.0,0
22069.0,0
22070.0,1
22071.0,0
22072.0,0
22073.0,1
22074.0,0
22075.0,1
22076.0,1
22077.0,1
22078.0,1
22079.0,1
22080.0,1
22081.0,0
22082.0,0
22083.0,1
22084.0,1
22085.0,1
22086.0,0
22087.0,1
22088.0,1
22089.0,1
22090.0,0
22091.0,0
22092.0,0
22093.0,0
22094.0,0
22095.0,1
22096.0,0
22097.0,0
22098.0,1
22099.0,0
22100.0,0
22101.0,1
22102.0,0
22103.0,0
22104.0,1
22105.0,1
22106.0,1
22107.0,1
22108.0,0
22109.0,0
22110.0,0
22111.0,0
22112.0,1
22113.0,1
22114.0,1
22115.0,0
22116.0,1
22117.0,1
22118.0,0
22119.0,0
22120.0,1
22121.0,1
22122.0,1
22123.0,0
22124.0,1
22125.0,0
22126.0,0
22127.0,1
22128.0,0
22129.0,1
22130.0,0
22131.0,0
22132.0,1
22133.0,0
22134.0,0
22135.0,0
22136.0,1
22137.0,1
22138.0,1
22139.0,1
22140.0,0
22141.0,0
22142.0,1
22143.0,0
22144.0,0
22145.0,1
22146.0,1
22147.0,1
22148.0,0
22149.0,1
22150.0,1
22151.0,1
22152.0,0
22153.0,0
22154.0,0
22155.0,1
22156.0,1
22157.0,1
22158.0,0
22159.0,0
22160.0,1
22161.0,0
22162.0,0
22163.0,1
22164.0,1
22165.0,1
22166.0,0
22167.0,0
22168.0,1
22169.0,1
22170.0,1
22171.0,1
22172.0,0
22173.0,1
22174.0,1
22175.0,1
22176.0,1
22177.0,1
22178.0,1
22179.0,0
22180.0,1
22181.0,1
22182.0,1
22183.0,0
22184.0,0
22185.0,0
22186.0,1
22187.0,0
22188.0,0
22189.0,0
22190.0,1
22191.0,1
22192.0,1
22193.0,0
22194.0,0
22195.0,0
22196.0,0
22197.0,0
22198.0,0
22199.0,0
22200.0,0
22201.0,0
22202.0,0
22203.0,0
22204.0,0
22205.0,0
22206.0,1
22207.0,0
22208.0,1
22209.0,1
22210.0,1
22211.0,0
22212.0,0
22213.0,1
22214.0,1
22215.0,0
22216.0,1
22217.0,0
22218.0,0
22219.0,1
22220.0,0
22221.0,1
22222.0,1
22223.0,1
22224.0,1
22225.0,1
22226.0,1
22227.0,0
22228.0,1
22229.0,0
22230.0,1
22231.0,0
22232.0,1
22233.0,1
22234.0,0
22235.0,1
22236.0,1
22237.0,0
22238.0,1
22239.0,1
22240.0,0
22241.0,0
22242.0,0
22243.0,1
22244.0,0
22245.0,1
22246.0,0
22247.0,1
22248.0,0
22249.0,0
22250.0,0
22251.0,1
22252.0,0
22253.0,1
22254.0,0
22255.0,1
22256.0,1
22257.0,0
22258.0,0
22259.0,1
22260.0,0
22261.0,1
22262.0,1
22263.0,0
22264.0,1
22265.0,0
22266.0,1
22267.0,0
22268.0,0
22269.0,1
22270.0,0
22271.0,0
22272.0,1
22273.0,1
22274.0,1
22275.0,1
22276.0,0
22277.0,0
22278.0,1
22279.0,0
22280.0,0
22281.0,1
22282.0,0
22283.0,0
22284.0,1
22285.0,0
22286.0,1
22287.0,0
22288.0,1
22289.0,1
22290.0,0
22291.0,0
22292.0,0
22293.0,0
22294.0,0
22295.0,1
22296.0,0
22297.0,0
22298.0,0
22299.0,0
22300.0,0
22301.0,1
22302.0,0
22303.0,0
22304.0,0
22305.0,1
22306.0,1
22307.0,1
22308.0,0
22309.0,1
22310.0,1
22311.0,0
22312.0,0
22313.0,0
22314.0,0
22315.0,1
22316.0,1
22317.0,0
22318.0,0
22319.0,0
22320.0,1
22321.0,0
22322.0,0
22323.0,1
22324.0,0
22325.0,0
22326.0,0
22327.0,0
22328.0,0
22329.0,0
22330.0,0
22331.0,0
22332.0,1
22333.0,0
22334.0,0
22335.0,1
22336.0,0
22337.0,1
22338.0,1
22339.0,0
22340.0,1
22341.0,0
22342.0,0
22343.0,0
22344.0,0
22345.0,1
22346.0,0
22347.0,0
22348.0,0
22349.0,0
22350.0,0
22351.0,0
22352.0,0
22353.0,0
22354.0,1
22355.0,1
22356.0,0
22357.0,1
22358.0,1
22359.0,0
22360.0,0
22361.0,0
22362.0,0
22363.0,0
22364.0,0
22365.0,0
22366.0,1
22367.0,0
22368.0,0
22369.0,0
22370.0,0
22371.0,0
22372.0,0
22373.0,1
22374.0,1
22375.0,0
22376.0,1
22377.0,1
22378.0,1
22379.0,1
22380.0,1
22381.0,0
22382.0,0
22383.0,1
22384.0,0
22385.0,0
22386.0,1
22387.0,0
22388.0,0
22389.0,0
22390.0,0
22391.0,0
22392.0,0
22393.0,0
22394.0,0
22395.0,0
22396.0,1
22397.0,0
22398.0,1
22399.0,0
22400.0,1
22401.0,0
22402.0,0
22403.0,0
22404.0,1
22405.0,0
22406.0,0
22407.0,0
22408.0,0
22409.0,1
22410.0,0
22411.0,1
22412.0,1
22413.0,1
22414.0,1
22415.0,1
22416.0,0
22417.0,0
22418.0,0
22419.0,0
22420.0,0
22421.0,0
22422.0,0
22423.0,1
22424.0,1
22425.0,0
22426.0,0
22427.0,1
22428.0,1
22429.0,0
22430.0,1
22431.0,0
22432.0,1
22433.0,1
22434.0,0
22435.0,0
22436.0,0
22437.0,0
22438.0,0
22439.0,1
22440.0,1
22441.0,0
22442.0,1
22443.0,0
22444.0,1
22445.0,0
22446.0,1
22447.0,0
22448.0,1
22449.0,1
22450.0,0
22451.0,1
22452.0,0
22453.0,0
22454.0,0
22455.0,1
22456.0,0
22457.0,1
22458.0,0
22459.0,0
22460.0,1
22461.0,0
22462.0,0
22463.0,0
22464.0,1
22465.0,0
22466.0,0
22467.0,0
22468.0,1
22469.0,0
22470.0,1
22471.0,1
22472.0,1
22473.0,1
22474.0,0
22475.0,1
22476.0,1
22477.0,0
22478.0,0
22479.0,0
22480.0,0
22481.0,1
22482.0,0
22483.0,0
22484.0,1
22485.0,0
22486.0,0
22487.0,1
22488.0,1
22489.0,0
22490.0,0
22491.0,0
22492.0,1
22493.0,0
22494.0,1
22495.0,0
22496.0,0
22497.0,1
22498.0,0
22499.0,0
22500.0,0
22501.0,1
22502.0,1
22503.0,1
22504.0,1
22505.0,0
22506.0,0
22507.0,0
22508.0,0
22509.0,0
22510.0,1
22511.0,0
22512.0,1
22513.0,0
22514.0,1
22515.0,1
22516.0,0
22517.0,1
22518.0,0
22519.0,1
22520.0,0
22521.0,0
22522.0,1
22523.0,1
22524.0,1
22525.0,0
22526.0,1
22527.0,1
22528.0,1
22529.0,0
22530.0,1
22531.0,1
22532.0,0
22533.0,1
22534.0,0
22535.0,0
22536.0,1
22537.0,0
22538.0,1
22539.0,0
22540.0,1
22541.0,1
22542.0,1
22543.0,1
22544.0,0
22545.0,0
22546.0,0
22547.0,1
22548.0,1
22549.0,0
22550.0,0
22551.0,1
22552.0,0
22553.0,0
22554.0,0
22555.0,0
22556.0,1
22557.0,1
22558.0,1
22559.0,0
22560.0,0
22561.0,1
22562.0,0
22563.0,0
22564.0,1
22565.0,1
22566.0,1
22567.0,1
22568.0,0
22569.0,1
22570.0,1
22571.0,0
22572.0,1
22573.0,0
22574.0,1
22575.0,0
22576.0,0
22577.0,1
22578.0,0
22579.0,1
22580.0,1
22581.0,0
22582.0,0
22583.0,0
22584.0,0
22585.0,1
22586.0,0
22587.0,0
22588.0,0
22589.0,1
22590.0,0
22591.0,0
22592.0,1
22593.0,1
22594.0,1
22595.0,0
22596.0,0
22597.0,0
22598.0,1
22599.0,1
22600.0,0
22601.0,1
22602.0,1
22603.0,1
22604.0,0
22605.0,0
22606.0,0
22607.0,1
22608.0,0
22609.0,0
22610.0,1
22611.0,0
22612.0,1
22613.0,1
22614.0,1
22615.0,0
22616.0,0
22617.0,0
22618.0,1
22619.0,0
22620.0,1
22621.0,1
22622.0,1
22623.0,0
22624.0,1
22625.0,1
22626.0,0
22627.0,0
22628.0,0
22629.0,1
22630.0,1
22631.0,0
22632.0,1
22633.0,0
22634.0,0
22635.0,1
22636.0,0
22637.0,1
22638.0,1
22639.0,0
22640.0,1
22641.0,0
22642.0,0
22643.0,0
22644.0,1
22645.0,1
22646.0,0
22647.0,0
22648.0,0
22649.0,0
22650.0,0
22651.0,0
22652.0,0
22653.0,0
22654.0,1
22655.0,0
22656.0,0
22657.0,0
22658.0,0
22659.0,0
22660.0,1
22661.0,1
22662.0,0
22663.0,0
22664.0,1
22665.0,0
22666.0,1
22667.0,1
22668.0,0
22669.0,1
22670.0,1
22671.0,0
22672.0,1
22673.0,1
22674.0,1
22675.0,0
22676.0,1
22677.0,0
22678.0,0
22679.0,0
22680.0,0
22681.0,0
22682.0,1
22683.0,1
22684.0,0
22685.0,0
22686.0,0
22687.0,1
22688.0,1
22689.0,1
22690.0,1
22691.0,1
22692.0,0
22693.0,0
22694.0,0
22695.0,1
22696.0,0
22697.0,1
22698.0,0
22699.0,0
22700.0,1
22701.0,1
22702.0,0
22703.0,0
22704.0,1
22705.0,0
22706.0,0
22707.0,0
22708.0,0
22709.0,1
22710.0,0
22711.0,0
22712.0,1
22713.0,1
22714.0,0
22715.0,1
22716.0,0
22717.0,1
22718.0,0
22719.0,1
22720.0,0
22721.0,0
22722.0,0
22723.0,0
22724.0,1
22725.0,0
22726.0,1
22727.0,0
22728.0,0
22729.0,1
22730.0,1
22731.0,0
22732.0,1
22733.0,0
22734.0,0
22735.0,1
22736.0,1
22737.0,1
22738.0,0
22739.0,0
22740.0,0
22741.0,0
22742.0,1
22743.0,0
22744.0,1
22745.0,1
22746.0,1
22747.0,0
22748.0,1
22749.0,0
22750.0,0
22751.0,0
22752.0,0
22753.0,1
22754.0,0
22755.0,1
22756.0,1
22757.0,0
22758.0,1
22759.0,0
22760.0,0
22761.0,1
22762.0,1
22763.0,0
22764.0,0
22765.0,1
22766.0,0
22767.0,0
22768.0,1
22769.0,1
22770.0,0
22771.0,0
22772.0,0
22773.0,1
22774.0,0
22775.0,1
22776.0,1
22777.0,1
22778.0,1
22779.0,0
22780.0,0
22781.0,1
22782.0,1
22783.0,1
22784.0,0
22785.0,1
22786.0,1
22787.0,1
22788.0,1
22789.0,0
22790.0,0
22791.0,0
22792.0,0
22793.0,0
22794.0,0
22795.0,1
22796.0,1
22797.0,0
22798.0,1
22799.0,1
22800.0,1
22801.0,0
22802.0,0
22803.0,0
22804.0,0
22805.0,0
22806.0,0
22807.0,1
22808.0,0
22809.0,0
22810.0,0
22811.0,1
22812.0,1
22813.0,0
22814.0,1
22815.0,1
22816.0,0
22817.0,1
22818.0,0
22819.0,0
22820.0,1
22821.0,0
22822.0,0
22823.0,1
22824.0,0
22825.0,0
22826.0,1
22827.0,1
22828.0,0
22829.0,0
22830.0,1
22831.0,0
22832.0,1
22833.0,0
22834.0,0
22835.0,0
22836.0,0
22837.0,1
22838.0,0
22839.0,0
22840.0,0
22841.0,1
22842.0,0
22843.0,1
22844.0,1
22845.0,1
22846.0,0
22847.0,1
22848.0,1
22849.0,0
22850.0,0
22851.0,0
22852.0,0
22853.0,1
22854.0,1
22855.0,1
22856.0,1
22857.0,1
22858.0,0
22859.0,1
22860.0,0
22861.0,0
22862.0,0
22863.0,0
22864.0,1
22865.0,0
22866.0,0
22867.0,1
22868.0,1
22869.0,1
22870.0,0
22871.0,0
22872.0,0
22873.0,1
22874.0,1
22875.0,1
22876.0,0
22877.0,0
22878.0,1
22879.0,1
22880.0,0
22881.0,1
22882.0,0
22883.0,1
22884.0,1
22885.0,0
22886.0,1
22887.0,0
22888.0,1
22889.0,0
22890.0,0
22891.0,0
22892.0,0
22893.0,0
22894.0,1
22895.0,1
22896.0,1
22897.0,0
22898.0,0
22899.0,1
22900.0,1
22901.0,1
22902.0,1
22903.0,0
22904.0,0
22905.0,0
22906.0,0
22907.0,1
22908.0,1
22909.0,1
22910.0,0
22911.0,1
22912.0,0
22913.0,1
22914.0,1
22915.0,0
22916.0,0
22917.0,0
22918.0,0
22919.0,1
22920.0,1
22921.0,1
22922.0,1
22923.0,1
22924.0,0
22925.0,0
22926.0,1
22927.0,1
22928.0,1
22929.0,0
22930.0,0
22931.0,0
22932.0,0
22933.0,0
22934.0,0
22935.0,0
22936.0,0
22937.0,0
22938.0,0
22939.0,0
22940.0,0
22941.0,0
22942.0,1
22943.0,1
22944.0,1
22945.0,0
22946.0,0
22947.0,0
22948.0,0
22949.0,1
22950.0,1
22951.0,0
22952.0,0
22953.0,0
22954.0,1
22955.0,1
22956.0,0
22957.0,0
22958.0,0
22959.0,0
22960.0,0
22961.0,0
22962.0,1
22963.0,0
22964.0,1
22965.0,1
22966.0,1
22967.0,1
22968.0,0
22969.0,0
22970.0,0
22971.0,1
22972.0,0
22973.0,1
22974.0,1
22975.0,0
22976.0,1
22977.0,1
22978.0,0
22979.0,0
22980.0,0
22981.0,0
22982.0,0
22983.0,1
22984.0,0
22985.0,1
22986.0,0
22987.0,0
22988.0,1
22989.0,1
22990.0,0
22991.0,0
22992.0,1
22993.0,0
22994.0,1
22995.0,1
22996.0,0
22997.0,1
22998.0,0
22999.0,0
23000.0,1
23001.0,1
23002.0,1
23003.0,0
23004.0,0
23005.0,0
23006.0,0
23007.0,0
23008.0,0
23009.0,1
23010.0,0
23011.0,1
23012.0,0
23013.0,0
23014.0,0
23015.0,0
23016.0,1
23017.0,0
23018.0,0
23019.0,1
23020.0,1
23021.0,1
23022.0,0
23023.0,1
23024.0,1
23025.0,1
23026.0,1
23027.0,0
23028.0,0
23029.0,0
23030.0,0
23031.0,0
23032.0,0
23033.0,0
23034.0,0
23035.0,0
23036.0,1
23037.0,1
23038.0,1
23039.0,1
23040.0,0
23041.0,1
23042.0,0
23043.0,0
23044.0,0
23045.0,0
23046.0,0
23047.0,1
23048.0,0
23049.0,1
23050.0,0
23051.0,1
23052.0,0
23053.0,0
23054.0,0
23055.0,0
23056.0,0
23057.0,1
23058.0,1
23059.0,0
23060.0,1
23061.0,0
23062.0,0
23063.0,0
23064.0,1
23065.0,1
23066.0,0
23067.0,1
23068.0,1
23069.0,0
23070.0,0
23071.0,1
23072.0,0
23073.0,0
23074.0,0
23075.0,1
23076.0,1
23077.0,0
23078.0,0
23079.0,1
23080.0,1
23081.0,0
23082.0,0
23083.0,1
23084.0,1
23085.0,0
23086.0,1
23087.0,1
23088.0,0
23089.0,1
23090.0,1
23091.0,0
23092.0,1
23093.0,0
23094.0,0
23095.0,0
23096.0,1
23097.0,0
23098.0,1
23099.0,0
23100.0,1
23101.0,0
23102.0,1
23103.0,0
23104.0,0
23105.0,0
23106.0,0
23107.0,1
23108.0,0
23109.0,0
23110.0,1
23111.0,1
23112.0,1
23113.0,0
23114.0,1
23115.0,0
23116.0,1
23117.0,0
23118.0,0
23119.0,0
23120.0,1
23121.0,1
23122.0,0
23123.0,0
23124.0,0
23125.0,0
23126.0,0
23127.0,0
23128.0,1
23129.0,0
23130.0,0
23131.0,1
23132.0,0
23133.0,1
23134.0,1
23135.0,0
23136.0,0
23137.0,1
23138.0,1
23139.0,0
23140.0,0
23141.0,1
23142.0,1
23143.0,1
23144.0,1
23145.0,0
23146.0,0
23147.0,0
23148.0,1
23149.0,0
23150.0,0
23151.0,0
23152.0,0
23153.0,0
23154.0,0
23155.0,0
23156.0,0
23157.0,0
23158.0,0
23159.0,0
23160.0,0
23161.0,1
23162.0,1
23163.0,0
23164.0,0
23165.0,0
23166.0,1
23167.0,0
23168.0,1
23169.0,1
23170.0,1
23171.0,0
23172.0,1
23173.0,0
23174.0,0
23175.0,1
23176.0,0
23177.0,0
23178.0,1
23179.0,0
23180.0,1
23181.0,1
23182.0,1
23183.0,1
23184.0,0
23185.0,1
23186.0,0
23187.0,1
23188.0,1
23189.0,1
23190.0,0
23191.0,1
23192.0,0
23193.0,1
23194.0,0
23195.0,0
23196.0,1
23197.0,1
23198.0,0
23199.0,0
23200.0,0
23201.0,0
23202.0,1
23203.0,1
23204.0,0
23205.0,0
23206.0,1
23207.0,1
23208.0,0
23209.0,1
23210.0,0
23211.0,0
23212.0,0
23213.0,0
23214.0,1
23215.0,1
23216.0,0
23217.0,0
23218.0,0
23219.0,0
23220.0,0
23221.0,1
23222.0,0
23223.0,1
23224.0,0
23225.0,0
23226.0,1
23227.0,0
23228.0,0
23229.0,1
23230.0,0
23231.0,0
23232.0,0
23233.0,0
23234.0,1
23235.0,1
23236.0,0
23237.0,1
23238.0,1
23239.0,0
23240.0,1
23241.0,0
23242.0,0
23243.0,0
23244.0,1
23245.0,1
23246.0,0
23247.0,0
23248.0,0
23249.0,1
23250.0,0
23251.0,0
23252.0,1
23253.0,1
23254.0,1
23255.0,0
23256.0,0
23257.0,0
23258.0,0
23259.0,0
23260.0,0
23261.0,0
23262.0,0
23263.0,0
23264.0,0
23265.0,0
23266.0,0
23267.0,0
23268.0,1
23269.0,1
23270.0,0
23271.0,0
23272.0,0
23273.0,1
23274.0,0
23275.0,0
23276.0,1
23277.0,0
23278.0,0
23279.0,0
23280.0,0
23281.0,0
23282.0,0
23283.0,0
23284.0,1
23285.0,0
23286.0,0
23287.0,0
23288.0,0
23289.0,0
23290.0,1
23291.0,0
23292.0,0
23293.0,0
23294.0,0
23295.0,0
23296.0,1
23297.0,0
23298.0,0
23299.0,1
23300.0,0
23301.0,0
23302.0,0
23303.0,0
23304.0,0
23305.0,0
23306.0,0
23307.0,1
23308.0,0
23309.0,1
23310.0,1
23311.0,0
23312.0,1
23313.0,1
23314.0,0
23315.0,0
23316.0,0
23317.0,0
23318.0,0
23319.0,0
23320.0,0
23321.0,0
23322.0,1
23323.0,1
23324.0,1
23325.0,1
23326.0,0
23327.0,1
23328.0,0
23329.0,0
23330.0,0
23331.0,0
23332.0,1
23333.0,1
23334.0,0
23335.0,1
23336.0,1
23337.0,0
23338.0,1
23339.0,0
23340.0,0
23341.0,1
23342.0,1
23343.0,1
23344.0,0
23345.0,1
23346.0,1
23347.0,0
23348.0,0
23349.0,1
23350.0,0
23351.0,0
23352.0,0
23353.0,0
23354.0,1
23355.0,0
23356.0,1
23357.0,1
23358.0,0
23359.0,1
23360.0,0
23361.0,1
23362.0,0
23363.0,0
23364.0,0
23365.0,0
23366.0,1
23367.0,0
23368.0,1
23369.0,0
23370.0,0
23371.0,0
23372.0,1
23373.0,0
23374.0,1
23375.0,1
23376.0,1
23377.0,0
23378.0,0
23379.0,1
23380.0,0
23381.0,1
23382.0,1
23383.0,1
23384.0,0
23385.0,1
23386.0,1
23387.0,1
23388.0,1
23389.0,1
23390.0,0
23391.0,1
23392.0,1
23393.0,0
23394.0,1
23395.0,1
23396.0,0
23397.0,0
23398.0,1
23399.0,0
23400.0,0
23401.0,0
23402.0,0
23403.0,0
23404.0,0
23405.0,1
23406.0,1
23407.0,1
23408.0,0
23409.0,0
23410.0,0
23411.0,0
23412.0,1
23413.0,0
23414.0,0
23415.0,1
23416.0,0
23417.0,0
23418.0,1
23419.0,1
23420.0,0
23421.0,1
23422.0,1
23423.0,0
23424.0,1
23425.0,0
23426.0,0
23427.0,1
23428.0,1
23429.0,1
23430.0,0
23431.0,0
23432.0,1
23433.0,1
23434.0,0
23435.0,0
23436.0,1
23437.0,0
23438.0,0
23439.0,0
23440.0,1
23441.0,0
23442.0,1
23443.0,1
23444.0,1
23445.0,0
23446.0,1
23447.0,0
23448.0,1
23449.0,0
23450.0,1
23451.0,1
23452.0,1
23453.0,1
23454.0,0
23455.0,0
23456.0,0
23457.0,0
23458.0,0
23459.0,1
23460.0,0
23461.0,1
23462.0,0
23463.0,0
23464.0,0
23465.0,0
23466.0,0
23467.0,1
23468.0,0
23469.0,1
23470.0,0
23471.0,0
23472.0,1
23473.0,1
23474.0,0
23475.0,1
23476.0,0
23477.0,1
23478.0,0
23479.0,0
23480.0,0
23481.0,1
23482.0,0
23483.0,0
23484.0,0
23485.0,0
23486.0,1
23487.0,0
23488.0,1
23489.0,1
23490.0,0
23491.0,0
23492.0,1
23493.0,1
23494.0,0
23495.0,1
23496.0,1
23497.0,0
23498.0,0
23499.0,1
23500.0,1
23501.0,1
23502.0,1
23503.0,1
23504.0,1
23505.0,1
23506.0,0
23507.0,0
23508.0,1
23509.0,0
23510.0,1
23511.0,1
23512.0,0
23513.0,1
23514.0,1
23515.0,0
23516.0,0
23517.0,1
23518.0,0
23519.0,0
23520.0,1
23521.0,0
23522.0,1
23523.0,1
23524.0,1
23525.0,0
23526.0,1
23527.0,0
23528.0,0
23529.0,1
23530.0,0
23531.0,1
23532.0,1
23533.0,0
23534.0,0
23535.0,1
23536.0,0
23537.0,1
23538.0,1
23539.0,1
23540.0,0
23541.0,1
23542.0,1
23543.0,1
23544.0,0
23545.0,0
23546.0,1
23547.0,1
23548.0,1
23549.0,1
23550.0,0
23551.0,1
23552.0,0
23553.0,0
23554.0,0
23555.0,1
23556.0,0
23557.0,0
23558.0,1
23559.0,1
23560.0,0
23561.0,0
23562.0,0
23563.0,1
23564.0,1
23565.0,0
23566.0,0
23567.0,0
23568.0,1
23569.0,1
23570.0,0
23571.0,1
23572.0,0
23573.0,0
23574.0,1
23575.0,0
23576.0,1
23577.0,0
23578.0,0
23579.0,0
23580.0,1
23581.0,0
23582.0,1
23583.0,0
23584.0,1
23585.0,1
23586.0,1
23587.0,0
23588.0,0
23589.0,0
23590.0,0
23591.0,0
23592.0,0
23593.0,1
23594.0,1
23595.0,1
23596.0,0
23597.0,0
23598.0,0
23599.0,0
23600.0,0
23601.0,0
23602.0,0
23603.0,1
23604.0,0
23605.0,0
23606.0,1
23607.0,0
23608.0,1
23609.0,0
23610.0,1
23611.0,1
23612.0,0
23613.0,0
23614.0,1
23615.0,1
23616.0,0
23617.0,0
23618.0,1
23619.0,0
23620.0,0
23621.0,0
23622.0,0
23623.0,1
23624.0,1
23625.0,0
23626.0,0
23627.0,1
23628.0,0
23629.0,0
23630.0,0
23631.0,1
23632.0,1
23633.0,0
23634.0,1
23635.0,1
23636.0,0
23637.0,0
23638.0,0
23639.0,0
23640.0,0
23641.0,0
23642.0,1
23643.0,0
23644.0,0
23645.0,1
23646.0,0
23647.0,0
23648.0,1
23649.0,1
23650.0,1
23651.0,0
23652.0,0
23653.0,0
23654.0,1
23655.0,0
23656.0,1
23657.0,0
23658.0,1
23659.0,1
23660.0,1
23661.0,0
23662.0,1
23663.0,1
23664.0,0
23665.0,1
23666.0,0
23667.0,1
23668.0,1
23669.0,1
23670.0,0
23671.0,0
23672.0,1
23673.0,0
23674.0,0
23675.0,0
23676.0,0
23677.0,0
23678.0,1
23679.0,0
23680.0,0
23681.0,0
23682.0,0
23683.0,0
23684.0,0
23685.0,0
23686.0,0
23687.0,0
23688.0,1
23689.0,0
23690.0,0
23691.0,0
23692.0,0
23693.0,1
23694.0,1
23695.0,1
23696.0,0
23697.0,1
23698.0,1
23699.0,1
23700.0,0
23701.0,0
23702.0,0
23703.0,0
23704.0,1
23705.0,0
23706.0,1
23707.0,0
23708.0,0
23709.0,0
23710.0,1
23711.0,1
23712.0,0
23713.0,0
23714.0,1
23715.0,1
23716.0,1
23717.0,0
23718.0,0
23719.0,1
23720.0,0
23721.0,1
23722.0,0
23723.0,0
23724.0,0
23725.0,0
23726.0,0
23727.0,0
23728.0,1
23729.0,0
23730.0,1
23731.0,0
23732.0,1
23733.0,1
23734.0,0
23735.0,0
23736.0,1
23737.0,0
23738.0,0
23739.0,1
23740.0,1
23741.0,1
23742.0,1
23743.0,0
23744.0,1
23745.0,1
23746.0,1
23747.0,1
23748.0,1
23749.0,1
23750.0,0
23751.0,1
23752.0,0
23753.0,0
23754.0,0
23755.0,0
23756.0,1
23757.0,0
23758.0,1
23759.0,1
23760.0,0
23761.0,0
23762.0,1
23763.0,1
23764.0,0
23765.0,1
23766.0,0
23767.0,1
23768.0,1
23769.0,1
23770.0,0
23771.0,1
23772.0,0
23773.0,1
23774.0,1
23775.0,0
23776.0,1
23777.0,0
23778.0,0
23779.0,0
23780.0,0
23781.0,1
23782.0,1
23783.0,0
23784.0,1
23785.0,0
23786.0,0
23787.0,1
23788.0,0
23789.0,1
23790.0,1
23791.0,0
23792.0,0
23793.0,1
23794.0,1
23795.0,1
23796.0,0
23797.0,0
23798.0,1
23799.0,0
23800.0,0
23801.0,0
23802.0,1
23803.0,0
23804.0,0
23805.0,0
23806.0,0
23807.0,0
23808.0,0
23809.0,0
23810.0,1
23811.0,0
23812.0,0
23813.0,0
23814.0,1
23815.0,0
23816.0,0
23817.0,0
23818.0,0
23819.0,1
23820.0,1
23821.0,1
23822.0,1
23823.0,0
23824.0,1
23825.0,1
23826.0,0
23827.0,1
23828.0,0
23829.0,0
23830.0,1
23831.0,1
23832.0,0
23833.0,1
23834.0,0
23835.0,0
23836.0,0
23837.0,0
23838.0,1
23839.0,0
23840.0,1
23841.0,0
23842.0,0
23843.0,1
23844.0,0
23845.0,0
23846.0,0
23847.0,1
23848.0,1
23849.0,1
23850.0,1
23851.0,1
23852.0,0
23853.0,0
23854.0,0
23855.0,0
23856.0,0
23857.0,0
23858.0,1
23859.0,0
23860.0,0
23861.0,0
23862.0,0
23863.0,0
23864.0,0
23865.0,1
23866.0,1
23867.0,0
23868.0,1
23869.0,1
23870.0,0
23871.0,0
23872.0,0
23873.0,1
23874.0,0
23875.0,0
23876.0,0
23877.0,0
23878.0,1
23879.0,1
23880.0,0
23881.0,0
23882.0,0
23883.0,0
23884.0,1
23885.0,0
23886.0,0
23887.0,0
23888.0,0
23889.0,0
23890.0,1
23891.0,0
23892.0,1
23893.0,1
23894.0,0
23895.0,1
23896.0,1
23897.0,1
23898.0,0
23899.0,1
23900.0,1
23901.0,1
23902.0,1
23903.0,0
23904.0,0
23905.0,0
23906.0,0
23907.0,0
23908.0,1
23909.0,1
23910.0,0
23911.0,1
23912.0,0
23913.0,0
23914.0,0
23915.0,0
23916.0,1
23917.0,0
23918.0,1
23919.0,1
23920.0,0
23921.0,0
23922.0,1
23923.0,0
23924.0,0
23925.0,1
23926.0,1
23927.0,1
23928.0,0
23929.0,0
23930.0,1
23931.0,0
23932.0,0
23933.0,0
23934.0,0
23935.0,0
23936.0,1
23937.0,1
23938.0,0
23939.0,1
23940.0,0
23941.0,0
23942.0,0
23943.0,0
23944.0,1
23945.0,0
23946.0,1
23947.0,1
23948.0,1
23949.0,0
23950.0,0
23951.0,1
23952.0,0
23953.0,1
23954.0,1
23955.0,1
23956.0,0
23957.0,0
23958.0,1
23959.0,0
23960.0,1
23961.0,0
23962.0,0
23963.0,0
23964.0,0
23965.0,0
23966.0,1
23967.0,0
23968.0,1
23969.0,0
23970.0,0
23971.0,1
23972.0,0
23973.0,0
23974.0,0
23975.0,0
23976.0,0
23977.0,0
23978.0,1
23979.0,0
23980.0,1
23981.0,1
23982.0,0
23983.0,1
23984.0,1
23985.0,1
23986.0,1
23987.0,1
23988.0,0
23989.0,0
23990.0,0
23991.0,1
23992.0,1
23993.0,1
23994.0,1
23995.0,1
23996.0,0
23997.0,0
23998.0,0
23999.0,1
24000.0,1
24001.0,1
24002.0,1
24003.0,0
24004.0,0
24005.0,0
24006.0,0
24007.0,0
24008.0,0
24009.0,0
24010.0,1
24011.0,0
24012.0,1
24013.0,1
24014.0,1
24015.0,1
24016.0,0
24017.0,0
24018.0,1
24019.0,0
24020.0,1
24021.0,1
24022.0,0
24023.0,0
24024.0,0
24025.0,0
24026.0,1
24027.0,1
24028.0,1
24029.0,1
24030.0,1
24031.0,1
24032.0,1
24033.0,1
24034.0,1
24035.0,1
24036.0,0
24037.0,0
24038.0,1
24039.0,0
24040.0,0
24041.0,1
24042.0,0
24043.0,1
24044.0,0
24045.0,1
24046.0,0
24047.0,0
24048.0,0
24049.0,1
24050.0,1
24051.0,0
24052.0,0
24053.0,1
24054.0,1
24055.0,0
24056.0,1
24057.0,1
24058.0,0
24059.0,1
24060.0,0
24061.0,0
24062.0,0
24063.0,0
24064.0,1
24065.0,1
24066.0,1
24067.0,0
24068.0,0
24069.0,0
24070.0,0
24071.0,1
24072.0,1
24073.0,1
24074.0,0
24075.0,1
24076.0,1
24077.0,0
24078.0,0
24079.0,0
24080.0,1
24081.0,1
24082.0,1
24083.0,0
24084.0,1
24085.0,0
24086.0,1
24087.0,0
24088.0,1
24089.0,0
24090.0,1
24091.0,1
24092.0,1
24093.0,0
24094.0,0
24095.0,0
24096.0,0
24097.0,0
24098.0,0
24099.0,0
24100.0,0
24101.0,0
24102.0,0
24103.0,1
24104.0,1
24105.0,0
24106.0,0
24107.0,0
24108.0,1
24109.0,0
24110.0,0
24111.0,1
24112.0,0
24113.0,0
24114.0,1
24115.0,0
24116.0,0
24117.0,1
24118.0,0
24119.0,1
24120.0,0
24121.0,0
24122.0,0
24123.0,1
24124.0,1
24125.0,1
24126.0,0
24127.0,1
24128.0,0
24129.0,1
24130.0,1
24131.0,1
24132.0,0
24133.0,1
24134.0,1
24135.0,0
24136.0,1
24137.0,0
24138.0,1
24139.0,0
24140.0,0
24141.0,0
24142.0,0
24143.0,0
24144.0,1
24145.0,0
24146.0,0
24147.0,1
24148.0,1
24149.0,1
24150.0,0
24151.0,1
24152.0,1
24153.0,0
24154.0,1
24155.0,0
24156.0,1
24157.0,0
24158.0,0
24159.0,1
24160.0,0
24161.0,0
24162.0,1
24163.0,0
24164.0,0
24165.0,0
24166.0,0
24167.0,0
24168.0,0
24169.0,1
24170.0,1
24171.0,0
24172.0,0
24173.0,0
24174.0,0
24175.0,0
24176.0,1
24177.0,1
24178.0,0
24179.0,0
24180.0,0
24181.0,0
24182.0,0
24183.0,1
24184.0,1
24185.0,0
24186.0,0
24187.0,0
24188.0,0
24189.0,1
24190.0,0
24191.0,0
24192.0,0
24193.0,1
24194.0,1
24195.0,1
24196.0,0
24197.0,1
24198.0,0
24199.0,1
24200.0,0
24201.0,1
24202.0,0
24203.0,0
24204.0,1
24205.0,0
24206.0,1
24207.0,0
24208.0,1
24209.0,1
24210.0,1
24211.0,0
24212.0,0
24213.0,0
24214.0,0
24215.0,0
24216.0,0
24217.0,1
24218.0,1
24219.0,1
24220.0,0
24221.0,1
24222.0,1
24223.0,1
24224.0,0
24225.0,1
24226.0,0
24227.0,0
24228.0,0
24229.0,0
24230.0,1
24231.0,0
24232.0,1
24233.0,1
24234.0,0
24235.0,1
24236.0,0
24237.0,1
24238.0,0
24239.0,1
24240.0,1
24241.0,0
24242.0,1
24243.0,0
24244.0,1
24245.0,1
24246.0,0
24247.0,0
24248.0,1
24249.0,0
24250.0,0
24251.0,0
24252.0,0
24253.0,1
24254.0,0
24255.0,0
24256.0,0
24257.0,0
24258.0,1
24259.0,0
24260.0,0
24261.0,0
24262.0,1
24263.0,0
24264.0,0
24265.0,1
24266.0,1
24267.0,0
24268.0,1
24269.0,0
24270.0,1
24271.0,0
24272.0,0
24273.0,0
24274.0,0
24275.0,0
24276.0,1
24277.0,0
24278.0,1
24279.0,0
24280.0,0
24281.0,0
24282.0,0
24283.0,0
24284.0,0
24285.0,0
24286.0,0
24287.0,0
24288.0,1
24289.0,0
24290.0,0
24291.0,0
24292.0,0
24293.0,1
24294.0,1
24295.0,1
24296.0,0
24297.0,1
24298.0,0
24299.0,0
24300.0,0
24301.0,0
24302.0,0
24303.0,0
24304.0,1
24305.0,0
24306.0,0
24307.0,1
24308.0,0
24309.0,1
24310.0,1
24311.0,1
24312.0,0
24313.0,1
24314.0,1
24315.0,1
24316.0,1
24317.0,1
24318.0,1
24319.0,0
24320.0,1
24321.0,0
24322.0,0
24323.0,0
24324.0,1
24325.0,0
24326.0,0
24327.0,0
24328.0,1
24329.0,0
24330.0,0
24331.0,0
24332.0,0
24333.0,0
24334.0,1
24335.0,1
24336.0,0
24337.0,1
24338.0,0
24339.0,1
24340.0,1
24341.0,1
24342.0,0
24343.0,1
24344.0,0
24345.0,0
24346.0,1
24347.0,0
24348.0,0
24349.0,0
24350.0,0
24351.0,1
24352.0,1
24353.0,1
24354.0,1
24355.0,0
24356.0,1
24357.0,1
24358.0,0
24359.0,1
24360.0,0
24361.0,0
24362.0,0
24363.0,0
24364.0,0
24365.0,1
24366.0,1
24367.0,0
24368.0,1
24369.0,1
24370.0,0
24371.0,0
24372.0,0
24373.0,1
24374.0,1
24375.0,1
24376.0,1
24377.0,0
24378.0,0
24379.0,1
24380.0,0
24381.0,1
24382.0,1
24383.0,0
24384.0,0
24385.0,0
24386.0,1
24387.0,1
24388.0,1
24389.0,0
24390.0,1
24391.0,0
24392.0,1
24393.0,1
24394.0,0
24395.0,0
24396.0,1
24397.0,1
24398.0,0
24399.0,0
24400.0,0
24401.0,0
24402.0,0
24403.0,0
24404.0,0
24405.0,0
24406.0,1
24407.0,1
24408.0,0
24409.0,0
24410.0,0
24411.0,1
24412.0,0
24413.0,0
24414.0,1
24415.0,1
24416.0,0
24417.0,0
24418.0,1
24419.0,1
24420.0,0
24421.0,0
24422.0,0
24423.0,0
24424.0,1
24425.0,1
24426.0,1
24427.0,0
24428.0,0
24429.0,0
24430.0,0
24431.0,0
24432.0,0
24433.0,1
24434.0,0
24435.0,0
24436.0,0
24437.0,1
24438.0,0
24439.0,0
24440.0,0
24441.0,0
24442.0,1
24443.0,0
24444.0,0
24445.0,0
24446.0,0
24447.0,1
24448.0,1
24449.0,0
24450.0,1
24451.0,1
24452.0,0
24453.0,0
24454.0,1
24455.0,1
24456.0,0
24457.0,0
24458.0,1
24459.0,0
24460.0,0
24461.0,1
24462.0,0
24463.0,0
24464.0,0
24465.0,0
24466.0,1
24467.0,0
24468.0,1
24469.0,1
24470.0,0
24471.0,0
24472.0,1
24473.0,1
24474.0,0
24475.0,1
24476.0,0
24477.0,1
24478.0,1
24479.0,0
24480.0,0
24481.0,1
24482.0,0
24483.0,1
24484.0,1
24485.0,0
24486.0,1
24487.0,0
24488.0,1
24489.0,1
24490.0,0
24491.0,1
24492.0,0
24493.0,0
24494.0,1
24495.0,1
24496.0,0
24497.0,0
24498.0,1
24499.0,0
24500.0,0
24501.0,0
24502.0,1
24503.0,0
24504.0,1
24505.0,0
24506.0,1
24507.0,0
24508.0,1
24509.0,0
24510.0,0
24511.0,1
24512.0,0
24513.0,1
24514.0,0
24515.0,0
24516.0,0
24517.0,0
24518.0,0
24519.0,0
24520.0,1
24521.0,0
24522.0,1
24523.0,1
24524.0,1
24525.0,0
24526.0,0
24527.0,0
24528.0,1
24529.0,1
24530.0,0
24531.0,0
24532.0,0
24533.0,0
24534.0,1
24535.0,1
24536.0,0
24537.0,1
24538.0,1
24539.0,1
24540.0,1
24541.0,0
24542.0,0
24543.0,0
24544.0,0
24545.0,1
24546.0,1
24547.0,1
24548.0,1
24549.0,1
24550.0,0
24551.0,0
24552.0,0
24553.0,0
24554.0,1
24555.0,0
24556.0,0
24557.0,1
24558.0,0
24559.0,0
24560.0,0
24561.0,0
24562.0,0
24563.0,0
24564.0,0
24565.0,1
24566.0,0
24567.0,1
24568.0,1
24569.0,0
24570.0,1
24571.0,0
24572.0,0
24573.0,1
24574.0,0
24575.0,1
24576.0,1
24577.0,0
24578.0,0
24579.0,0
24580.0,0
24581.0,1
24582.0,1
24583.0,0
24584.0,0
24585.0,0
24586.0,1
24587.0,0
24588.0,0
24589.0,0
24590.0,0
24591.0,0
24592.0,1
24593.0,1
24594.0,0
24595.0,1
24596.0,1
24597.0,0
24598.0,0
24599.0,1
24600.0,0
24601.0,0
24602.0,1
24603.0,1
24604.0,0
24605.0,1
24606.0,1
24607.0,0
24608.0,1
24609.0,0
24610.0,0
24611.0,0
24612.0,1
24613.0,0
24614.0,0
24615.0,1
24616.0,1
24617.0,1
24618.0,1
24619.0,0
24620.0,0
24621.0,0
24622.0,0
24623.0,1
24624.0,1
24625.0,1
24626.0,1
24627.0,0
24628.0,1
24629.0,0
24630.0,0
24631.0,1
24632.0,1
24633.0,0
24634.0,0
24635.0,0
24636.0,0
24637.0,0
24638.0,0
24639.0,0
24640.0,1
24641.0,0
24642.0,0
24643.0,1
24644.0,0
24645.0,0
24646.0,0
24647.0,1
24648.0,0
24649.0,1
24650.0,0
24651.0,1
24652.0,0
24653.0,0
24654.0,1
24655.0,0
24656.0,0
24657.0,0
24658.0,1
24659.0,0
24660.0,1
24661.0,0
24662.0,0
24663.0,0
24664.0,0
24665.0,0
24666.0,1
24667.0,0
24668.0,1
24669.0,0
24670.0,1
24671.0,0
24672.0,0
24673.0,1
24674.0,0
24675.0,0
24676.0,1
24677.0,1
24678.0,1
24679.0,1
24680.0,0
24681.0,0
24682.0,0
24683.0,1
24684.0,1
24685.0,0
24686.0,0
24687.0,0
24688.0,0
24689.0,0
24690.0,1
24691.0,1
24692.0,0
24693.0,0
24694.0,1
24695.0,1
24696.0,1
24697.0,1
24698.0,0
24699.0,1
24700.0,0
24701.0,1
24702.0,0
24703.0,0
24704.0,0
24705.0,0
24706.0,0
24707.0,0
24708.0,0
24709.0,1
24710.0,1
24711.0,1
24712.0,1
24713.0,0
24714.0,1
24715.0,0
24716.0,0
24717.0,1
24718.0,1
24719.0,1
24720.0,1
24721.0,0
24722.0,0
24723.0,1
24724.0,0
24725.0,1
24726.0,0
24727.0,0
24728.0,0
24729.0,0
24730.0,1
24731.0,1
24732.0,1
24733.0,0
24734.0,1
24735.0,1
24736.0,0
24737.0,1
24738.0,0
24739.0,0
24740.0,0
24741.0,1
24742.0,0
24743.0,0
24744.0,0
24745.0,0
24746.0,0
24747.0,0
24748.0,1
24749.0,1
24750.0,0
24751.0,0
24752.0,1
24753.0,1
24754.0,0
24755.0,0
24756.0,0
24757.0,1
24758.0,0
24759.0,0
24760.0,0
24761.0,0
24762.0,1
24763.0,0
24764.0,1
24765.0,0
24766.0,0
24767.0,1
24768.0,0
24769.0,0
24770.0,0
24771.0,1
24772.0,1
24773.0,0
24774.0,1
24775.0,1
24776.0,0
24777.0,0
24778.0,1
24779.0,1
24780.0,0
24781.0,1
24782.0,1
24783.0,0
24784.0,1
24785.0,1
24786.0,1
24787.0,0
24788.0,1
24789.0,1
24790.0,0
24791.0,1
24792.0,1
24793.0,1
24794.0,0
24795.0,1
24796.0,0
24797.0,0
24798.0,0
24799.0,0
24800.0,0
24801.0,0
24802.0,0
24803.0,1
24804.0,0
24805.0,1
24806.0,0
24807.0,0
24808.0,0
24809.0,1
24810.0,1
24811.0,1
24812.0,0
24813.0,0
24814.0,1
24815.0,0
24816.0,1
24817.0,0
24818.0,0
24819.0,0
24820.0,0
24821.0,0
24822.0,0
24823.0,0
24824.0,0
24825.0,1
24826.0,1
24827.0,0
24828.0,0
24829.0,0
24830.0,1
24831.0,1
24832.0,0
24833.0,0
24834.0,0
24835.0,0
24836.0,1
24837.0,0
24838.0,0
24839.0,0
24840.0,0
24841.0,1
24842.0,0
24843.0,1
24844.0,0
24845.0,1
24846.0,1
24847.0,0
24848.0,1
24849.0,0
24850.0,0
24851.0,0
24852.0,1
24853.0,1
24854.0,1
24855.0,0
24856.0,0
24857.0,0
24858.0,1
24859.0,1
24860.0,1
24861.0,1
24862.0,0
24863.0,0
24864.0,0
24865.0,0
24866.0,1
24867.0,1
24868.0,0
24869.0,0
24870.0,0
24871.0,0
24872.0,1
24873.0,0
24874.0,1
24875.0,1
24876.0,0
24877.0,1
24878.0,1
24879.0,1
24880.0,0
24881.0,0
24882.0,1
24883.0,0
24884.0,1
24885.0,1
24886.0,0
24887.0,1
24888.0,0
24889.0,1
24890.0,0
24891.0,0
24892.0,1
24893.0,1
24894.0,0
24895.0,0
24896.0,1
24897.0,0
24898.0,1
24899.0,1
24900.0,0
24901.0,0
24902.0,1
24903.0,1
24904.0,0
24905.0,0
24906.0,1
24907.0,1
24908.0,1
24909.0,0
24910.0,1
24911.0,1
24912.0,1
24913.0,0
24914.0,0
24915.0,0
24916.0,0
24917.0,0
24918.0,0
24919.0,1
24920.0,1
24921.0,0
24922.0,0
24923.0,1
24924.0,1
24925.0,0
24926.0,1
24927.0,1
24928.0,0
24929.0,0
24930.0,0
24931.0,0
24932.0,1
24933.0,0
24934.0,1
24935.0,1
24936.0,0
24937.0,0
24938.0,0
24939.0,1
24940.0,1
24941.0,0
24942.0,1
24943.0,0
24944.0,0
24945.0,1
24946.0,0
24947.0,0
24948.0,1
24949.0,1
24950.0,0
24951.0,1
24952.0,0
24953.0,0
24954.0,0
24955.0,1
24956.0,1
24957.0,0
24958.0,1
24959.0,1
24960.0,0
24961.0,1
24962.0,1
24963.0,1
24964.0,0
24965.0,0
24966.0,0
24967.0,1
24968.0,0
24969.0,1
24970.0,1
24971.0,1
24972.0,1
24973.0,1
24974.0,0
24975.0,0
24976.0,0
24977.0,0
24978.0,0
24979.0,1
24980.0,0
24981.0,0
24982.0,1
24983.0,1
24984.0,0
24985.0,1
24986.0,1
24987.0,0
24988.0,0
24989.0,1
24990.0,0
24991.0,1
24992.0,0
24993.0,1
24994.0,0
24995.0,1
24996.0,0
24997.0,0
24998.0,1
24999.0,1
25000.0,0
25001.0,0
25002.0,1
25003.0,0
25004.0,1
25005.0,0
25006.0,0
25007.0,0
25008.0,0
25009.0,1
25010.0,0
25011.0,1
25012.0,0
25013.0,1
25014.0,0
25015.0,1
25016.0,0
25017.0,0
25018.0,0
25019.0,1
25020.0,1
25021.0,1
25022.0,1
25023.0,1
25024.0,0
25025.0,0
25026.0,0
25027.0,1
25028.0,0
25029.0,0
25030.0,1
25031.0,0
25032.0,0
25033.0,1
25034.0,0
25035.0,1
25036.0,0
25037.0,0
25038.0,0
25039.0,0
25040.0,1
25041.0,1
25042.0,1
25043.0,1
25044.0,1
25045.0,1
25046.0,1
25047.0,1
25048.0,1
25049.0,0
25050.0,0
25051.0,0
25052.0,0
25053.0,1
25054.0,1
25055.0,0
25056.0,0
25057.0,0
25058.0,0
25059.0,0
25060.0,1
25061.0,1
25062.0,0
25063.0,1
25064.0,0
25065.0,0
25066.0,1
25067.0,1
25068.0,0
25069.0,1
25070.0,1
25071.0,0
25072.0,0
25073.0,0
25074.0,0
25075.0,0
25076.0,0
25077.0,1
25078.0,0
25079.0,1
25080.0,0
25081.0,1
25082.0,0
25083.0,0
25084.0,0
25085.0,1
25086.0,0
25087.0,0
25088.0,0
25089.0,0
25090.0,0
25091.0,0
25092.0,0
25093.0,0
25094.0,0
25095.0,1
25096.0,1
25097.0,0
25098.0,1
25099.0,0
25100.0,0
25101.0,0
25102.0,1
25103.0,0
25104.0,1
25105.0,1
25106.0,0
25107.0,0
25108.0,1
25109.0,0
25110.0,0
25111.0,0
25112.0,1
25113.0,0
25114.0,0
25115.0,0
25116.0,0
25117.0,0
25118.0,1
25119.0,0
25120.0,1
25121.0,1
25122.0,0
25123.0,1
25124.0,0
25125.0,0
25126.0,0
25127.0,0
25128.0,0
25129.0,0
25130.0,1
25131.0,0
25132.0,0
25133.0,0
25134.0,0
25135.0,0
25136.0,0
25137.0,0
25138.0,0
25139.0,1
25140.0,0
25141.0,1
25142.0,1
25143.0,0
25144.0,1
25145.0,1
25146.0,0
25147.0,1
25148.0,0
25149.0,1
25150.0,0
25151.0,1
25152.0,0
25153.0,0
25154.0,1
25155.0,1
25156.0,1
25157.0,0
25158.0,0
25159.0,0
25160.0,1
25161.0,0
25162.0,1
25163.0,1
25164.0,0
25165.0,0
25166.0,0
25167.0,1
25168.0,0
25169.0,1
25170.0,0
25171.0,0
25172.0,1
25173.0,1
25174.0,0
25175.0,0
25176.0,1
25177.0,1
25178.0,1
25179.0,1
25180.0,1
25181.0,0
25182.0,1
25183.0,1
25184.0,1
25185.0,1
25186.0,0
25187.0,1
25188.0,1
25189.0,0
25190.0,0
25191.0,1
25192.0,0
25193.0,0
25194.0,0
25195.0,1
25196.0,1
25197.0,0
25198.0,1
25199.0,1
25200.0,1
25201.0,0
25202.0,1
25203.0,1
25204.0,1
25205.0,0
25206.0,1
25207.0,1
25208.0,1
25209.0,1
25210.0,0
25211.0,1
25212.0,1
25213.0,0
25214.0,1
25215.0,0
25216.0,1
25217.0,0
25218.0,0
25219.0,1
25220.0,0
25221.0,0
25222.0,0
25223.0,0
25224.0,0
25225.0,1
25226.0,0
25227.0,1
25228.0,0
25229.0,0
25230.0,1
25231.0,0
25232.0,1
25233.0,0
25234.0,1
25235.0,0
25236.0,1
25237.0,0
25238.0,1
25239.0,1
25240.0,1
25241.0,1
25242.0,1
25243.0,1
25244.0,0
25245.0,0
25246.0,1
25247.0,1
25248.0,0
25249.0,0
25250.0,1
25251.0,1
25252.0,1
25253.0,1
25254.0,1
25255.0,0
25256.0,0
25257.0,0
25258.0,0
25259.0,0
25260.0,0
25261.0,1
25262.0,0
25263.0,1
25264.0,0
25265.0,1
25266.0,1
25267.0,0
25268.0,0
25269.0,0
25270.0,0
25271.0,1
25272.0,0
25273.0,1
25274.0,0
25275.0,1
25276.0,1
25277.0,0
25278.0,0
25279.0,1
25280.0,0
25281.0,0
25282.0,0
25283.0,1
25284.0,0
25285.0,1
25286.0,1
25287.0,0
25288.0,1
25289.0,1
25290.0,0
25291.0,0
25292.0,1
25293.0,1
25294.0,1
25295.0,0
25296.0,0
25297.0,1
25298.0,0
25299.0,0
25300.0,0
25301.0,1
25302.0,1
25303.0,1
25304.0,1
25305.0,0
25306.0,1
25307.0,1
25308.0,0
25309.0,1
25310.0,0
25311.0,0
25312.0,0
25313.0,1
25314.0,0
25315.0,0
25316.0,1
25317.0,0
25318.0,0
25319.0,0
25320.0,0
25321.0,0
25322.0,1
25323.0,1
25324.0,1
25325.0,0
25326.0,0
25327.0,0
25328.0,0
25329.0,1
25330.0,1
25331.0,0
25332.0,1
25333.0,0
25334.0,1
25335.0,0
25336.0,0
25337.0,0
25338.0,0
25339.0,1
25340.0,1
25341.0,0
25342.0,1
25343.0,0
25344.0,0
25345.0,1
25346.0,0
25347.0,1
25348.0,0
25349.0,1
25350.0,0
25351.0,0
25352.0,0
25353.0,1
25354.0,1
25355.0,0
25356.0,1
25357.0,0
25358.0,0
25359.0,1
25360.0,1
25361.0,0
25362.0,0
25363.0,1
25364.0,1
25365.0,1
25366.0,0
25367.0,0
25368.0,1
25369.0,1
25370.0,0
25371.0,1
25372.0,0
25373.0,1
25374.0,1
25375.0,1
25376.0,0
25377.0,1
25378.0,1
25379.0,0
25380.0,0
25381.0,0
25382.0,1
25383.0,1
25384.0,1
25385.0,0
25386.0,1
25387.0,1
25388.0,0
25389.0,0
25390.0,0
25391.0,0
25392.0,0
25393.0,1
25394.0,0
25395.0,0
25396.0,1
25397.0,0
25398.0,1
25399.0,0
25400.0,0
25401.0,0
25402.0,1
25403.0,0
25404.0,1
25405.0,1
25406.0,1
25407.0,0
25408.0,0
25409.0,0
25410.0,0
25411.0,1
25412.0,0
25413.0,1
25414.0,1
25415.0,1
25416.0,0
25417.0,0
25418.0,0
25419.0,0
25420.0,1
25421.0,0
25422.0,1
25423.0,1
25424.0,1
25425.0,0
25426.0,1
25427.0,1
25428.0,0
25429.0,0
25430.0,0
25431.0,0
25432.0,0
25433.0,0
25434.0,1
25435.0,1
25436.0,0
25437.0,1
25438.0,1
25439.0,0
25440.0,0
25441.0,0
25442.0,0
25443.0,0
25444.0,0
25445.0,0
25446.0,0
25447.0,0
25448.0,0
25449.0,0
25450.0,0
25451.0,0
25452.0,1
25453.0,0
25454.0,1
25455.0,0
25456.0,1
25457.0,0
25458.0,0
25459.0,0
25460.0,0
25461.0,0
25462.0,1
25463.0,0
25464.0,1
25465.0,1
25466.0,1
25467.0,0
25468.0,0
25469.0,1
25470.0,1
25471.0,1
25472.0,1
25473.0,0
25474.0,1
25475.0,0
25476.0,1
25477.0,0
25478.0,1
25479.0,0
25480.0,0
25481.0,1
25482.0,0
25483.0,0
25484.0,0
25485.0,0
25486.0,1
25487.0,1
25488.0,0
25489.0,1
25490.0,1
25491.0,1
25492.0,1
25493.0,0
25494.0,0
25495.0,1
25496.0,0
25497.0,0
25498.0,0
25499.0,0
25500.0,0
25501.0,1
25502.0,0
25503.0,0
25504.0,1
25505.0,1
25506.0,1
25507.0,0
25508.0,0
25509.0,1
25510.0,0
25511.0,1
25512.0,1
25513.0,0
25514.0,1
25515.0,1
25516.0,0
25517.0,0
25518.0,0
25519.0,1
25520.0,0
25521.0,1
25522.0,1
25523.0,1
25524.0,1
25525.0,1
25526.0,0
25527.0,1
25528.0,0
25529.0,1
25530.0,0
25531.0,1
25532.0,0
25533.0,1
25534.0,0
25535.0,0
25536.0,1
25537.0,1
25538.0,1
25539.0,0
25540.0,0
25541.0,0
25542.0,1
25543.0,0
25544.0,0
25545.0,1
25546.0,0
25547.0,1
25548.0,0
25549.0,1
25550.0,0
25551.0,1
25552.0,0
25553.0,0
25554.0,0
25555.0,1
25556.0,1
25557.0,1
25558.0,1
25559.0,1
25560.0,1
25561.0,1
25562.0,1
25563.0,1
25564.0,0
25565.0,1
25566.0,1
25567.0,1
25568.0,1
25569.0,1
25570.0,0
25571.0,0
25572.0,0
25573.0,1
25574.0,1
25575.0,0
25576.0,1
25577.0,0
25578.0,0
25579.0,1
25580.0,0
25581.0,1
25582.0,1
25583.0,1
25584.0,1
25585.0,0
25586.0,0
25587.0,1
25588.0,1
25589.0,0
25590.0,0
25591.0,1
25592.0,1
25593.0,1
25594.0,0
25595.0,0
25596.0,0
25597.0,0
25598.0,0
25599.0,1
25600.0,0
25601.0,0
25602.0,1
25603.0,1
25604.0,1
25605.0,0
25606.0,0
25607.0,0
25608.0,0
25609.0,0
25610.0,1
25611.0,1
25612.0,0
25613.0,1
25614.0,1
25615.0,0
25616.0,1
25617.0,0
25618.0,1
25619.0,1
25620.0,0
25621.0,0
25622.0,0
25623.0,1
25624.0,1
25625.0,0
25626.0,0
25627.0,1
25628.0,0
25629.0,1
25630.0,1
25631.0,0
25632.0,1
25633.0,0
25634.0,1
25635.0,1
25636.0,0
25637.0,1
25638.0,0
25639.0,1
25640.0,1
25641.0,0
25642.0,1
25643.0,1
25644.0,0
25645.0,0
25646.0,1
25647.0,0
25648.0,0
25649.0,0
25650.0,0
25651.0,1
25652.0,1
25653.0,1
25654.0,1
25655.0,1
25656.0,1
25657.0,0
25658.0,0
25659.0,0
25660.0,0
25661.0,0
25662.0,0
25663.0,1
25664.0,1
25665.0,0
25666.0,1
25667.0,1
25668.0,0
25669.0,1
25670.0,0
25671.0,1
25672.0,1
25673.0,0
25674.0,1
25675.0,0
25676.0,1
25677.0,1
25678.0,0
25679.0,0
25680.0,0
25681.0,1
25682.0,1
25683.0,0
25684.0,0
25685.0,1
25686.0,1
25687.0,0
25688.0,0
25689.0,1
25690.0,0
25691.0,0
25692.0,0
25693.0,0
25694.0,1
25695.0,0
25696.0,0
25697.0,0
25698.0,1
25699.0,0
25700.0,0
25701.0,0
25702.0,0
25703.0,1
25704.0,0
25705.0,0
25706.0,0
25707.0,0
25708.0,0
25709.0,1
25710.0,1
25711.0,1
25712.0,0
25713.0,0
25714.0,0
25715.0,0
25716.0,1
25717.0,0
25718.0,1
25719.0,0
25720.0,1
25721.0,0
25722.0,0
25723.0,0
25724.0,0
25725.0,0
25726.0,1
25727.0,0
25728.0,0
25729.0,1
25730.0,0
25731.0,0
25732.0,0
25733.0,0
25734.0,1
25735.0,0
25736.0,1
25737.0,0
25738.0,1
25739.0,0
25740.0,0
25741.0,0
25742.0,0
25743.0,0
25744.0,0
25745.0,0
25746.0,1
25747.0,0
25748.0,0
25749.0,0
25750.0,0
25751.0,1
25752.0,0
25753.0,1
25754.0,1
25755.0,1
25756.0,0
25757.0,1
25758.0,0
25759.0,0
25760.0,0
25761.0,1
25762.0,1
25763.0,1
25764.0,0
25765.0,0
25766.0,0
25767.0,1
25768.0,0
25769.0,0
25770.0,0
25771.0,0
25772.0,1
25773.0,1
25774.0,1
25775.0,0
25776.0,0
25777.0,1
25778.0,0
25779.0,1
25780.0,1
25781.0,1
25782.0,1
25783.0,0
25784.0,1
25785.0,1
25786.0,1
25787.0,0
25788.0,1
25789.0,0
25790.0,0
25791.0,1
25792.0,0
25793.0,0
25794.0,0
25795.0,1
25796.0,1
25797.0,1
25798.0,1
25799.0,1
25800.0,1
25801.0,1
25802.0,0
25803.0,0
25804.0,0
25805.0,0
25806.0,0
25807.0,0
25808.0,0
25809.0,1
25810.0,1
25811.0,1
25812.0,1
25813.0,1
25814.0,0
25815.0,0
25816.0,0
25817.0,1
25818.0,0
25819.0,1
25820.0,1
25821.0,0
25822.0,1
25823.0,0
25824.0,1
25825.0,1
25826.0,0
25827.0,1
25828.0,0
25829.0,1
25830.0,0
25831.0,0
25832.0,0
25833.0,1
25834.0,0
25835.0,0
25836.0,0
25837.0,1
25838.0,1
25839.0,0
25840.0,1
25841.0,1
25842.0,0
25843.0,1
25844.0,0
25845.0,0
25846.0,0
25847.0,0
25848.0,1
25849.0,1
25850.0,1
25851.0,0
25852.0,0
25853.0,0
25854.0,1
25855.0,1
25856.0,0
25857.0,0
25858.0,0
25859.0,0
25860.0,1
25861.0,0
25862.0,0
25863.0,0
25864.0,1
25865.0,0
25866.0,1
25867.0,1
25868.0,0
25869.0,0
25870.0,0
25871.0,0
25872.0,1
25873.0,1
25874.0,0
25875.0,0
25876.0,0
25877.0,0
25878.0,0
25879.0,0
25880.0,0
25881.0,0
25882.0,0
25883.0,0
25884.0,0
25885.0,0
25886.0,0
25887.0,1
25888.0,0
25889.0,1
25890.0,0
25891.0,0
25892.0,1
25893.0,0
25894.0,1
25895.0,1
25896.0,1
25897.0,1
25898.0,1
25899.0,0
25900.0,1
25901.0,1
25902.0,0
25903.0,0
25904.0,0
25905.0,0
25906.0,0
25907.0,0
25908.0,0
25909.0,0
25910.0,0
25911.0,0
25912.0,0
25913.0,0
25914.0,0
25915.0,1
25916.0,1
25917.0,0
25918.0,1
25919.0,1
25920.0,1
25921.0,0
25922.0,0
25923.0,0
25924.0,0
25925.0,0
25926.0,1
25927.0,0
25928.0,0
25929.0,1
25930.0,1
25931.0,0
25932.0,0
25933.0,1
25934.0,0
25935.0,0
25936.0,1
25937.0,0
25938.0,0
25939.0,1
25940.0,1
25941.0,0
25942.0,1
25943.0,0
25944.0,0
25945.0,1
25946.0,0
25947.0,1
25948.0,0
25949.0,0
25950.0,0
25951.0,1
25952.0,0
25953.0,1
25954.0,1
25955.0,1
25956.0,1
25957.0,1
25958.0,0
25959.0,0
25960.0,0
25961.0,0
25962.0,1
25963.0,0
25964.0,1
25965.0,0
25966.0,0
25967.0,0
25968.0,0
25969.0,0
25970.0,1
25971.0,0
25972.0,1
25973.0,1
25974.0,0
25975.0,1
25976.0,1
25977.0,0
25978.0,0
25979.0,1
25980.0,0
25981.0,1
25982.0,0
25983.0,0
25984.0,0
25985.0,1
25986.0,1
25987.0,0
25988.0,0
25989.0,0
25990.0,0
25991.0,0
25992.0,0
25993.0,0
25994.0,1
25995.0,0
25996.0,0
25997.0,0
25998.0,0
25999.0,0
,1
,0
,1
,1
,1
,1
,0
,0
,1
,0
,1
,0
,0
,1
,1
,1
,0
,1
,0
,1
,0
,1
,0
,1
,0
,0
,0
,0
,0
,1
,0
,1
,0
,1
,1
,0
,0
,0
,1
,0
,0
,0
,1
,1
,1
,0
,1
,0
,0
,0
,0
,1
,1
,1
,0
,1
,0
,0
,0
,0
,1
,0
,0
,0
,0
,1
,1
,1
,1
,1
,1
,0
,1
,0
,0
,1
,1
,1
,0
,0
,1
,0
,1
,0
,0
,0
,0
,1
,1
,0
,0
,1
,0
,1
,1
,0
,1
,0
,0
,0
,1
,0
,0
,1
,0
,1
,1
,0
,0
,0
,0
,0
,0
,0
,1
,0
,0
,0
,0
,1
,1
,0
,1
,1
,0
,1
,1
,0
,0
,1
,0
,0
,1
,1
,0
,1
,1
,1
,0
,0
,1
,0
,1
,1
,0
,1
,0
,0
,0
,0
,0
,0
,1
,1
,1
,1
,0
,0
,1
,1
,0
,0
,0
,0
,0
,1
,0
,0
,1
,1
,1
,1
,0
,1
,0
,0
,1
,1
,0
,0
,1
,1
,1
,1
,0
,0
,0
,0
,1
,1
,1
,0
,1
,1
,0
,0
,1
,1
,1
,1
,1
,0
,1
,1
,0
,0
,0
,0
,1
,0
,0
,1
,1
,0
,0
,1
,0
,1
,1
,0
,0
,0
,0
,0
,0
,0
,1
,1
,0
,1
,0
,1
,1
,0
,0
,1
,0
,0
,1
,0
,0
,0
,1
,0
,1
,0
,0
,0
,0
,1
,1
,1
,0
,1
,0
,1
,0
,0
,0
,0
,1
,1
,0
,0
,1
,0
,0
,0
,1
,0
,1
,1
,1
,1
,0
,1
,0
,0
,1
,1
,0
,1
,0
,1
,0
,0
